{
  "telecom": {
    "critical_checks": [
      "Pricing accuracy (exact amounts, currency)",
      "Service availability by location/region",
      "Plan features and limitations",
      "Contract terms and conditions",
      "Technical specifications (speed, data limits)",
      "Device compatibility",
      "Promotional offer validity"
    ],
    "common_hallucinations": [
      "Incorrect pricing information",
      "False service availability claims",
      "Made-up promotional offers",
      "Wrong technical specifications",
      "Fabricated customer service processes"
    ],
    "validation_keywords": [
      "price", "cost", "fee", "charge", "₹", "$", "€",
      "available", "coverage", "network", "speed",
      "plan", "package", "offer", "discount",
      "GB", "MB", "Mbps", "unlimited"
    ]
  },
  "financial": {
    "critical_checks": [
      "Interest rates and APR",
      "Fee structures",
      "Regulatory compliance",
      "Account terms and conditions",
      "Investment risks and returns",
      "Credit requirements",
      "Processing times"
    ],
    "common_hallucinations": [
      "Incorrect interest rates",
      "False fee information",
      "Made-up regulatory claims",
      "Wrong processing timeframes",
      "Fabricated investment returns"
    ],
    "validation_keywords": [
      "rate", "APR", "fee", "interest", "credit",
      "investment", "return", "risk", "compliance",
      "regulation", "FDIC", "SEC"
    ]
  },
  "healthcare": {
    "critical_checks": [
      "Medical dosage information",
      "Drug interactions and contraindications",
      "Treatment procedures",
      "Regulatory approvals",
      "Side effects and warnings",
      "Insurance coverage",
      "Provider qualifications"
    ],
    "common_hallucinations": [
      "Incorrect dosage instructions",
      "False drug interaction claims",
      "Made-up treatment procedures",
      "Wrong regulatory status",
      "Fabricated side effect information"
    ],
    "validation_keywords": [
      "dosage", "mg", "ml", "prescription", "FDA",
      "side effect", "contraindication", "treatment",
      "diagnosis", "symptom", "medication"
    ]
  },
  "ecommerce": {
    "critical_checks": [
      "Product pricing and availability",
      "Shipping costs and timeframes",
      "Return and refund policies",
      "Product specifications",
      "Warranty information",
      "Stock levels",
      "Promotional terms"
    ],
    "common_hallucinations": [
      "Incorrect product prices",
      "False availability claims",
      "Made-up shipping information",
      "Wrong product specifications",
      "Fabricated warranty terms"
    ],
    "validation_keywords": [
      "price", "shipping", "delivery", "return",
      "warranty", "stock", "available", "discount",
      "promotion", "sale", "refund"
    ]
  },
  "general": {
    "critical_checks": [
      "Factual accuracy of claims",
      "Source attribution",
      "Temporal consistency",
      "Logical coherence",
      "Scope appropriateness"
    ],
    "common_hallucinations": [
      "Fabricated statistics",
      "False historical claims",
      "Made-up quotes or citations",
      "Incorrect technical details",
      "Overgeneralized statements"
    ],
    "validation_keywords": [
      "according to", "research shows", "studies indicate",
      "experts say", "data reveals", "statistics show",
      "recently", "currently", "latest"
    ]
  }
}