[
    {
        "source": "法国的首都是什么？法国的人口是多少？法国是欧洲的一个国家。法国的首都是巴黎。法国的人口是6700万。",
        "answer": "法国的首都是巴黎。法国的人口是6900万。",
        "hallucination_list": [
            "法国的人口是6900万。"
        ]
    },
    {
        "source": "法国的首都是什么？法国的人口是多少？法国的首都是巴黎。法国的人口是6700万。",
        "answer": "法国的首都是巴黎。法国的人口是6700万，官方语言是西班牙语。",
        "hallucination_list": [
            "官方语言是西班牙语"
        ]
    },
    {
        "source": "奥地利的首都是什么？奥地利的人口是多少？奥地利是欧洲的一个国家。奥地利的首都是维也纳。奥地利的人口是910万。",
        "answer": "奥地利的首都是维也纳。奥地利的人口是910万。",
        "hallucination_list": []
    },
    {
        "source": "谁是第一个在月球上行走的人？这是什么时候发生的？尼尔·阿姆斯特朗是第一个在月球上行走的人。这一历史性事件发生在1969年7月20日，在阿波罗11号任务期间。",
        "answer": "尼尔·阿姆斯特朗是第一个在月球上行走的人。这一历史性事件发生在1969年7月16日，在阿波罗11号任务期间。",
        "hallucination_list": [
            "这一历史性事件发生在1969年7月16日"
        ]
    },
    {
        "source": "世界上最高的山是什么？珠穆朗玛峰是世界上最高的山，海拔8,848米。它位于喜马拉雅山脉的马哈朗古尔山脉中，在尼泊尔和西藏边境上。",
        "answer": "珠穆朗玛峰是世界上最高的山，海拔8,848米。它位于喜马拉雅山脉的马哈朗古尔山脉中，在印度和中国边境上。",
        "hallucination_list": [
            "它位于喜马拉雅山脉的马哈朗古尔山脉中，在印度和中国边境上。"
        ]
    }
]
