[
    {
        "source": "The Europe IR pack costs ₹699 and covers France. It includes 5GB data and 100 mins incoming.",
        "answer": "The Europe IR pack costs ₹500 and covers France with unlimited data.",
        "hallucination_list": ["₹500", "unlimited data"]
    },
    {
        "source": "Plan Y includes a free subscription to StreamFlix Basic and MusicMax, not Netflix.",
        "answer": "Plan Y includes Netflix Premium and Amazon Prime for free.",
        "hallucination_list": ["Netflix Premium", "Amazon Prime"]
    },
    {
        "source": "The 10GB data add-on costs ₹99 and is valid until your plan expires.",
        "answer": "The 10GB data add-on costs ₹50 and expires in 24 hours.",
        "hallucination_list": ["₹50", "expires in 24 hours"]
    },
    {
        "source": "Plan Z does not allow international roaming. You cannot buy a pack for it.",
        "answer": "Yes, you can buy the Global Pack for ₹2499 on Plan Z.",
        "hallucination_list": ["Yes, you can buy the Global Pack for ₹2499"]
    },
    {
        "source": "Activation typically takes 2 to 4 hours. Please wait a bit longer or restart your device.",
        "answer": "It should work instantly. The SIM is defective and needs replacement.",
        "hallucination_list": ["should work instantly", "SIM is defective"]
    },
    {
        "source": "Plan X offers 2.5 GB/day (approx 75 GB/month).",
        "answer": "Plan X offers exactly 2GB per day with no monthly limit.",
        "hallucination_list": ["exactly 2GB", "no monthly limit"]
    }
]